{"cameraMode":{"drawMode":0,"name":"Shaded","section":"Shading Mode"},"sceneLighting":false,"audioPlay":false,"sceneViewState":{"m_AlwaysRefresh":false,"showFog":true,"showSkybox":false,"showFlares":true,"showImageEffects":true,"showParticleSystems":true,"showVisualEffectGraphs":true,"m_FxEnabled":true},"in2DMode":false,"pivot":{"x":0.02260589599609375,"y":1.6834657192230225,"z":-330.2474365234375},"rotation":{"x":0.15310974419116975,"y":0.0991358831524849,"z":-0.015439641661942006,"w":0.9831033945083618},"size":2.6831462383270265,"orthographic":true}