{"cameraMode":{"drawMode":0,"name":"Shaded","section":"Shading Mode"},"sceneLighting":true,"audioPlay":false,"sceneViewState":{"m_AlwaysRefresh":false,"showFog":true,"showSkybox":true,"showFlares":true,"showImageEffects":true,"showParticleSystems":true,"showVisualEffectGraphs":true,"m_FxEnabled":true},"in2DMode":false,"pivot":{"x":6.341358184814453,"y":65.13666534423828,"z":-295.96929931640627},"rotation":{"x":0.46847257018089297,"y":-0.09245013445615769,"z":0.04937119036912918,"w":0.8772391080856323},"size":-0.8849260210990906,"orthographic":false}