{"cameraMode":{"drawMode":0,"name":"Shaded","section":"Shading Mode"},"sceneLighting":true,"audioPlay":false,"sceneViewState":{"m_AlwaysRefresh":false,"showFog":true,"showSkybox":true,"showFlares":true,"showImageEffects":true,"showParticleSystems":true,"showVisualEffectGraphs":true,"m_FxEnabled":true},"in2DMode":false,"pivot":{"x":-4.040145397186279,"y":3.942612648010254,"z":-327.23199462890627},"rotation":{"x":0.1561499536037445,"y":-0.09319151937961579,"z":0.014800376258790493,"w":0.9832167029380798},"size":15.438752174377442,"orthographic":false}