{"cameraMode":{"drawMode":0,"name":"Shaded","section":"Shading Mode"},"sceneLighting":false,"audioPlay":false,"sceneViewState":{"m_AlwaysRefresh":false,"showFog":true,"showSkybox":false,"showFlares":true,"showImageEffects":true,"showParticleSystems":true,"showVisualEffectGraphs":true,"m_FxEnabled":true},"in2DMode":false,"pivot":{"x":2.649796485900879,"y":1.3784379959106446,"z":-323.1024475097656},"rotation":{"x":0.19435593485832215,"y":-0.09313124418258667,"z":0.018539058044552804,"w":0.9763250350952148},"size":0.03818180784583092,"orthographic":false}